,Cluster_Label,Team,Year,Count
0,Developing_Low_Cost_Player,ARI,2011,6
1,Overpaid_Underperformer,ARI,2011,3
2,Underpaid_Performer,ARI,2011,3
3,Well_Paid_Performer,ARI,2011,1
4,Developing_Low_Cost_Player,ARI,2012,3
5,Overpaid_Underperformer,ARI,2012,3
6,Underpaid_Performer,ARI,2012,4
7,Well_Paid_Performer,ARI,2012,3
8,Developing_Low_Cost_Player,ARI,2013,5
9,Overpaid_Underperformer,ARI,2013,4
10,Underpaid_Performer,ARI,2013,2
11,Well_Paid_Performer,ARI,2013,2
12,Developing_Low_Cost_Player,ARI,2014,9
13,Overpaid_Underperformer,ARI,2014,2
14,Underpaid_Performer,ARI,2014,1
15,Well_Paid_Performer,ARI,2014,1
16,Developing_Low_Cost_Player,ARI,2015,7
17,Overpaid_Underperformer,ARI,2015,3
18,Underpaid_Performer,ARI,2015,2
19,Well_Paid_Performer,ARI,2015,1
20,Developing_Low_Cost_Player,ARI,2016,3
21,Overpaid_Underperformer,ARI,2016,2
22,Underpaid_Performer,ARI,2016,5
23,Well_Paid_Performer,ARI,2016,3
24,Developing_Low_Cost_Player,ARI,2017,4
25,Overpaid_Underperformer,ARI,2017,2
26,Underpaid_Performer,ARI,2017,4
27,Well_Paid_Performer,ARI,2017,3
28,Developing_Low_Cost_Player,ARI,2018,4
29,Overpaid_Underperformer,ARI,2018,3
30,Underpaid_Performer,ARI,2018,2
31,Well_Paid_Performer,ARI,2018,4
32,Developing_Low_Cost_Player,ARI,2019,5
33,Overpaid_Underperformer,ARI,2019,4
34,Underpaid_Performer,ARI,2019,2
35,Well_Paid_Performer,ARI,2019,2
36,Developing_Low_Cost_Player,ARI,2020,6
37,Overpaid_Underperformer,ARI,2020,1
38,Underpaid_Performer,ARI,2020,6
39,Developing_Low_Cost_Player,ARI,2021,3
40,Overpaid_Underperformer,ARI,2021,2
41,Underpaid_Performer,ARI,2021,6
42,Well_Paid_Performer,ARI,2021,2
43,Developing_Low_Cost_Player,ARI,2022,4
44,Overpaid_Underperformer,ARI,2022,4
45,Underpaid_Performer,ARI,2022,3
46,Well_Paid_Performer,ARI,2022,2
47,Developing_Low_Cost_Player,ARI,2023,5
48,Overpaid_Underperformer,ARI,2023,2
49,Underpaid_Performer,ARI,2023,3
50,Well_Paid_Performer,ARI,2023,2
51,Developing_Low_Cost_Player,ARI,2024,6
52,Overpaid_Underperformer,ARI,2024,4
53,Underpaid_Performer,ARI,2024,1
54,Well_Paid_Performer,ARI,2024,2
55,Developing_Low_Cost_Player,ATL,2011,6
56,Overpaid_Underperformer,ATL,2011,2
57,Underpaid_Performer,ATL,2011,2
58,Well_Paid_Performer,ATL,2011,3
59,Developing_Low_Cost_Player,ATL,2012,7
60,Overpaid_Underperformer,ATL,2012,3
61,Underpaid_Performer,ATL,2012,2
62,Well_Paid_Performer,ATL,2012,1
63,Developing_Low_Cost_Player,ATL,2013,9
64,Overpaid_Underperformer,ATL,2013,2
65,Well_Paid_Performer,ATL,2013,2
66,Developing_Low_Cost_Player,ATL,2014,5
67,Overpaid_Underperformer,ATL,2014,2
68,Underpaid_Performer,ATL,2014,2
69,Well_Paid_Performer,ATL,2014,4
70,Developing_Low_Cost_Player,ATL,2015,2
71,Underpaid_Performer,ATL,2015,9
72,Well_Paid_Performer,ATL,2015,2
73,Developing_Low_Cost_Player,ATL,2016,4
74,Overpaid_Underperformer,ATL,2016,1
75,Underpaid_Performer,ATL,2016,7
76,Well_Paid_Performer,ATL,2016,1
77,Developing_Low_Cost_Player,ATL,2017,3
78,Overpaid_Underperformer,ATL,2017,2
79,Underpaid_Performer,ATL,2017,6
80,Well_Paid_Performer,ATL,2017,2
81,Developing_Low_Cost_Player,ATL,2018,8
82,Overpaid_Underperformer,ATL,2018,2
83,Underpaid_Performer,ATL,2018,1
84,Well_Paid_Performer,ATL,2018,2
85,Developing_Low_Cost_Player,ATL,2019,4
86,Overpaid_Underperformer,ATL,2019,4
87,Underpaid_Performer,ATL,2019,2
88,Well_Paid_Performer,ATL,2019,3
89,Developing_Low_Cost_Player,ATL,2020,7
90,Overpaid_Underperformer,ATL,2020,4
91,Underpaid_Performer,ATL,2020,2
92,Developing_Low_Cost_Player,ATL,2021,5
93,Overpaid_Underperformer,ATL,2021,3
94,Underpaid_Performer,ATL,2021,2
95,Well_Paid_Performer,ATL,2021,3
96,Developing_Low_Cost_Player,ATL,2022,4
97,Overpaid_Underperformer,ATL,2022,6
98,Underpaid_Performer,ATL,2022,1
99,Well_Paid_Performer,ATL,2022,2
100,Developing_Low_Cost_Player,ATL,2023,2
101,Overpaid_Underperformer,ATL,2023,7
102,Underpaid_Performer,ATL,2023,3
103,Well_Paid_Performer,ATL,2023,1
104,Developing_Low_Cost_Player,ATL,2024,5
105,Overpaid_Underperformer,ATL,2024,6
106,Well_Paid_Performer,ATL,2024,2
107,Developing_Low_Cost_Player,BAL,2011,1
108,Overpaid_Underperformer,BAL,2011,2
109,Underpaid_Performer,BAL,2011,9
110,Well_Paid_Performer,BAL,2011,1
111,Developing_Low_Cost_Player,BAL,2012,6
112,Overpaid_Underperformer,BAL,2012,1
113,Underpaid_Performer,BAL,2012,4
114,Well_Paid_Performer,BAL,2012,2
115,Developing_Low_Cost_Player,BAL,2013,3
116,Overpaid_Underperformer,BAL,2013,5
117,Underpaid_Performer,BAL,2013,3
118,Well_Paid_Performer,BAL,2013,2
119,Developing_Low_Cost_Player,BAL,2014,6
120,Overpaid_Underperformer,BAL,2014,3
121,Underpaid_Performer,BAL,2014,1
122,Well_Paid_Performer,BAL,2014,3
123,Developing_Low_Cost_Player,BAL,2015,2
124,Overpaid_Underperformer,BAL,2015,4
125,Underpaid_Performer,BAL,2015,3
126,Well_Paid_Performer,BAL,2015,4
127,Developing_Low_Cost_Player,BAL,2016,3
128,Overpaid_Underperformer,BAL,2016,5
129,Underpaid_Performer,BAL,2016,2
130,Well_Paid_Performer,BAL,2016,3
131,Developing_Low_Cost_Player,BAL,2017,3
132,Overpaid_Underperformer,BAL,2017,4
133,Underpaid_Performer,BAL,2017,1
134,Well_Paid_Performer,BAL,2017,5
135,Developing_Low_Cost_Player,BAL,2018,3
136,Underpaid_Performer,BAL,2018,7
137,Well_Paid_Performer,BAL,2018,3
138,Developing_Low_Cost_Player,BAL,2019,2
139,Overpaid_Underperformer,BAL,2019,1
140,Underpaid_Performer,BAL,2019,9
141,Well_Paid_Performer,BAL,2019,1
142,Developing_Low_Cost_Player,BAL,2020,5
143,Overpaid_Underperformer,BAL,2020,1
144,Underpaid_Performer,BAL,2020,7
145,Developing_Low_Cost_Player,BAL,2021,3
146,Underpaid_Performer,BAL,2021,10
147,Developing_Low_Cost_Player,BAL,2022,6
148,Overpaid_Underperformer,BAL,2022,1
149,Underpaid_Performer,BAL,2022,5
150,Well_Paid_Performer,BAL,2022,1
151,Developing_Low_Cost_Player,BAL,2023,7
152,Overpaid_Underperformer,BAL,2023,2
153,Underpaid_Performer,BAL,2023,3
154,Well_Paid_Performer,BAL,2023,1
155,Developing_Low_Cost_Player,BAL,2024,6
156,Overpaid_Underperformer,BAL,2024,4
157,Underpaid_Performer,BAL,2024,2
158,Well_Paid_Performer,BAL,2024,1
159,Developing_Low_Cost_Player,BOS,2011,4
160,Overpaid_Underperformer,BOS,2011,3
161,Underpaid_Performer,BOS,2011,2
162,Well_Paid_Performer,BOS,2011,4
163,Developing_Low_Cost_Player,BOS,2012,3
164,Overpaid_Underperformer,BOS,2012,3
165,Underpaid_Performer,BOS,2012,4
166,Well_Paid_Performer,BOS,2012,3
167,Developing_Low_Cost_Player,BOS,2013,2
168,Overpaid_Underperformer,BOS,2013,6
169,Underpaid_Performer,BOS,2013,2
170,Well_Paid_Performer,BOS,2013,3
171,Developing_Low_Cost_Player,BOS,2014,3
172,Overpaid_Underperformer,BOS,2014,4
173,Underpaid_Performer,BOS,2014,5
174,Well_Paid_Performer,BOS,2014,1
175,Developing_Low_Cost_Player,BOS,2015,3
176,Overpaid_Underperformer,BOS,2015,3
177,Underpaid_Performer,BOS,2015,5
178,Well_Paid_Performer,BOS,2015,2
179,Developing_Low_Cost_Player,BOS,2016,3
180,Overpaid_Underperformer,BOS,2016,4
181,Underpaid_Performer,BOS,2016,2
182,Well_Paid_Performer,BOS,2016,4
183,Developing_Low_Cost_Player,BOS,2017,4
184,Overpaid_Underperformer,BOS,2017,5
185,Underpaid_Performer,BOS,2017,1
186,Well_Paid_Performer,BOS,2017,3
187,Developing_Low_Cost_Player,BOS,2018,5
188,Overpaid_Underperformer,BOS,2018,3
189,Underpaid_Performer,BOS,2018,1
190,Well_Paid_Performer,BOS,2018,4
191,Developing_Low_Cost_Player,BOS,2019,4
192,Overpaid_Underperformer,BOS,2019,2
193,Underpaid_Performer,BOS,2019,4
194,Well_Paid_Performer,BOS,2019,3
195,Developing_Low_Cost_Player,BOS,2020,4
196,Overpaid_Underperformer,BOS,2020,3
197,Underpaid_Performer,BOS,2020,6
198,Developing_Low_Cost_Player,BOS,2021,5
199,Overpaid_Underperformer,BOS,2021,4
200,Well_Paid_Performer,BOS,2021,7
201,Developing_Low_Cost_Player,BOS,2022,1
202,Overpaid_Underperformer,BOS,2022,4
203,Underpaid_Performer,BOS,2022,5
204,Well_Paid_Performer,BOS,2022,9
205,Developing_Low_Cost_Player,BOS,2023,6
206,Overpaid_Underperformer,BOS,2023,1
207,Underpaid_Performer,BOS,2023,4
208,Well_Paid_Performer,BOS,2023,2
209,Developing_Low_Cost_Player,BOS,2024,3
210,Overpaid_Underperformer,BOS,2024,2
211,Underpaid_Performer,BOS,2024,3
212,Well_Paid_Performer,BOS,2024,4
213,Overpaid_Underperformer,CHC,2011,5
214,Underpaid_Performer,CHC,2011,5
215,Well_Paid_Performer,CHC,2011,3
216,Developing_Low_Cost_Player,CHC,2012,4
217,Overpaid_Underperformer,CHC,2012,2
218,Underpaid_Performer,CHC,2012,5
219,Well_Paid_Performer,CHC,2012,2
220,Developing_Low_Cost_Player,CHC,2013,6
221,Overpaid_Underperformer,CHC,2013,2
222,Underpaid_Performer,CHC,2013,3
223,Well_Paid_Performer,CHC,2013,2
224,Developing_Low_Cost_Player,CHC,2014,7
225,Overpaid_Underperformer,CHC,2014,2
226,Underpaid_Performer,CHC,2014,2
227,Well_Paid_Performer,CHC,2014,2
228,Developing_Low_Cost_Player,CHC,2015,3
229,Overpaid_Underperformer,CHC,2015,5
230,Underpaid_Performer,CHC,2015,2
231,Well_Paid_Performer,CHC,2015,3
232,Developing_Low_Cost_Player,CHC,2016,4
233,Overpaid_Underperformer,CHC,2016,5
234,Well_Paid_Performer,CHC,2016,4
235,Developing_Low_Cost_Player,CHC,2017,3
236,Overpaid_Underperformer,CHC,2017,7
237,Well_Paid_Performer,CHC,2017,3
238,Developing_Low_Cost_Player,CHC,2018,3
239,Overpaid_Underperformer,CHC,2018,5
240,Underpaid_Performer,CHC,2018,1
241,Well_Paid_Performer,CHC,2018,4
242,Developing_Low_Cost_Player,CHC,2019,3
243,Overpaid_Underperformer,CHC,2019,5
244,Well_Paid_Performer,CHC,2019,5
245,Developing_Low_Cost_Player,CHC,2020,5
246,Overpaid_Underperformer,CHC,2020,5
247,Underpaid_Performer,CHC,2020,3
248,Developing_Low_Cost_Player,CHC,2021,4
249,Underpaid_Performer,CHC,2021,7
250,Well_Paid_Performer,CHC,2021,8
251,Developing_Low_Cost_Player,CHC,2022,6
252,Overpaid_Underperformer,CHC,2022,2
253,Underpaid_Performer,CHC,2022,4
254,Well_Paid_Performer,CHC,2022,1
255,Developing_Low_Cost_Player,CHC,2023,6
256,Overpaid_Underperformer,CHC,2023,1
257,Underpaid_Performer,CHC,2023,1
258,Well_Paid_Performer,CHC,2023,3
259,Developing_Low_Cost_Player,CHC,2024,6
260,Overpaid_Underperformer,CHC,2024,2
261,Underpaid_Performer,CHC,2024,2
262,Well_Paid_Performer,CHC,2024,3
263,Developing_Low_Cost_Player,CIN,2011,6
264,Overpaid_Underperformer,CIN,2011,2
265,Underpaid_Performer,CIN,2011,3
266,Well_Paid_Performer,CIN,2011,2
267,Developing_Low_Cost_Player,CIN,2012,4
268,Overpaid_Underperformer,CIN,2012,3
269,Underpaid_Performer,CIN,2012,3
270,Well_Paid_Performer,CIN,2012,3
271,Developing_Low_Cost_Player,CIN,2013,6
272,Overpaid_Underperformer,CIN,2013,3
273,Well_Paid_Performer,CIN,2013,4
274,Developing_Low_Cost_Player,CIN,2014,1
275,Overpaid_Underperformer,CIN,2014,4
276,Underpaid_Performer,CIN,2014,4
277,Well_Paid_Performer,CIN,2014,4
278,Developing_Low_Cost_Player,CIN,2015,4
279,Overpaid_Underperformer,CIN,2015,2
280,Underpaid_Performer,CIN,2015,7
281,Developing_Low_Cost_Player,CIN,2016,6
282,Overpaid_Underperformer,CIN,2016,1
283,Underpaid_Performer,CIN,2016,6
284,Developing_Low_Cost_Player,CIN,2017,3
285,Overpaid_Underperformer,CIN,2017,1
286,Underpaid_Performer,CIN,2017,8
287,Well_Paid_Performer,CIN,2017,1
288,Developing_Low_Cost_Player,CIN,2018,5
289,Overpaid_Underperformer,CIN,2018,3
290,Underpaid_Performer,CIN,2018,4
291,Well_Paid_Performer,CIN,2018,1
292,Developing_Low_Cost_Player,CIN,2019,5
293,Overpaid_Underperformer,CIN,2019,5
294,Underpaid_Performer,CIN,2019,1
295,Well_Paid_Performer,CIN,2019,2
296,Developing_Low_Cost_Player,CIN,2020,5
297,Overpaid_Underperformer,CIN,2020,4
298,Underpaid_Performer,CIN,2020,2
299,Well_Paid_Performer,CIN,2020,1
300,Developing_Low_Cost_Player,CIN,2021,5
301,Overpaid_Underperformer,CIN,2021,3
302,Underpaid_Performer,CIN,2021,2
303,Well_Paid_Performer,CIN,2021,3
304,Developing_Low_Cost_Player,CIN,2022,5
305,Overpaid_Underperformer,CIN,2022,2
306,Underpaid_Performer,CIN,2022,6
307,Developing_Low_Cost_Player,CIN,2023,10
308,Overpaid_Underperformer,CIN,2023,1
309,Underpaid_Performer,CIN,2023,2
310,Developing_Low_Cost_Player,CIN,2024,4
311,Overpaid_Underperformer,CIN,2024,5
312,Underpaid_Performer,CIN,2024,2
313,Well_Paid_Performer,CIN,2024,2
314,Developing_Low_Cost_Player,CLE,2011,6
315,Overpaid_Underperformer,CLE,2011,1
316,Underpaid_Performer,CLE,2011,5
317,Well_Paid_Performer,CLE,2011,1
318,Developing_Low_Cost_Player,CLE,2012,1
319,Overpaid_Underperformer,CLE,2012,2
320,Underpaid_Performer,CLE,2012,8
321,Well_Paid_Performer,CLE,2012,2
322,Developing_Low_Cost_Player,CLE,2013,5
323,Overpaid_Underperformer,CLE,2013,3
324,Underpaid_Performer,CLE,2013,2
325,Well_Paid_Performer,CLE,2013,3
326,Developing_Low_Cost_Player,CLE,2014,8
327,Overpaid_Underperformer,CLE,2014,1
328,Underpaid_Performer,CLE,2014,2
329,Well_Paid_Performer,CLE,2014,2
330,Developing_Low_Cost_Player,CLE,2015,7
331,Overpaid_Underperformer,CLE,2015,1
332,Underpaid_Performer,CLE,2015,2
333,Well_Paid_Performer,CLE,2015,3
334,Developing_Low_Cost_Player,CLE,2016,2
335,Overpaid_Underperformer,CLE,2016,4
336,Underpaid_Performer,CLE,2016,4
337,Well_Paid_Performer,CLE,2016,3
338,Developing_Low_Cost_Player,CLE,2017,2
339,Overpaid_Underperformer,CLE,2017,6
340,Underpaid_Performer,CLE,2017,1
341,Well_Paid_Performer,CLE,2017,4
342,Developing_Low_Cost_Player,CLE,2018,3
343,Overpaid_Underperformer,CLE,2018,5
344,Underpaid_Performer,CLE,2018,2
345,Well_Paid_Performer,CLE,2018,3
346,Developing_Low_Cost_Player,CLE,2019,5
347,Overpaid_Underperformer,CLE,2019,3
348,Underpaid_Performer,CLE,2019,3
349,Well_Paid_Performer,CLE,2019,2
350,Developing_Low_Cost_Player,CLE,2020,8
351,Overpaid_Underperformer,CLE,2020,3
352,Underpaid_Performer,CLE,2020,2
353,Developing_Low_Cost_Player,CLE,2021,10
354,Overpaid_Underperformer,CLE,2021,2
355,Underpaid_Performer,CLE,2021,4
356,Developing_Low_Cost_Player,CLE,2022,8
357,Overpaid_Underperformer,CLE,2022,2
358,Underpaid_Performer,CLE,2022,1
359,Well_Paid_Performer,CLE,2022,2
360,Developing_Low_Cost_Player,CLE,2023,7
361,Overpaid_Underperformer,CLE,2023,2
362,Underpaid_Performer,CLE,2023,2
363,Well_Paid_Performer,CLE,2023,2
364,Developing_Low_Cost_Player,CLE,2024,9
365,Overpaid_Underperformer,CLE,2024,1
366,Underpaid_Performer,CLE,2024,2
367,Developing_Low_Cost_Player,COL,2011,5
368,Overpaid_Underperformer,COL,2011,4
369,Underpaid_Performer,COL,2011,2
370,Well_Paid_Performer,COL,2011,2
371,Developing_Low_Cost_Player,COL,2012,3
372,Overpaid_Underperformer,COL,2012,2
373,Underpaid_Performer,COL,2012,7
374,Well_Paid_Performer,COL,2012,1
375,Developing_Low_Cost_Player,COL,2013,4
376,Overpaid_Underperformer,COL,2013,2
377,Underpaid_Performer,COL,2013,5
378,Well_Paid_Performer,COL,2013,2
379,Developing_Low_Cost_Player,COL,2014,4
380,Overpaid_Underperformer,COL,2014,4
381,Underpaid_Performer,COL,2014,3
382,Well_Paid_Performer,COL,2014,2
383,Developing_Low_Cost_Player,COL,2015,1
384,Overpaid_Underperformer,COL,2015,2
385,Underpaid_Performer,COL,2015,8
386,Well_Paid_Performer,COL,2015,2
387,Developing_Low_Cost_Player,COL,2016,4
388,Overpaid_Underperformer,COL,2016,4
389,Underpaid_Performer,COL,2016,3
390,Well_Paid_Performer,COL,2016,2
391,Developing_Low_Cost_Player,COL,2017,6
392,Overpaid_Underperformer,COL,2017,4
393,Underpaid_Performer,COL,2017,2
394,Well_Paid_Performer,COL,2017,1
395,Developing_Low_Cost_Player,COL,2018,5
396,Overpaid_Underperformer,COL,2018,5
397,Underpaid_Performer,COL,2018,3
398,Developing_Low_Cost_Player,COL,2019,2
399,Overpaid_Underperformer,COL,2019,3
400,Underpaid_Performer,COL,2019,8
401,Developing_Low_Cost_Player,COL,2020,4
402,Overpaid_Underperformer,COL,2020,1
403,Underpaid_Performer,COL,2020,8
404,Developing_Low_Cost_Player,COL,2021,6
405,Overpaid_Underperformer,COL,2021,2
406,Underpaid_Performer,COL,2021,1
407,Well_Paid_Performer,COL,2021,7
408,Overpaid_Underperformer,COL,2022,4
409,Underpaid_Performer,COL,2022,7
410,Well_Paid_Performer,COL,2022,2
411,Developing_Low_Cost_Player,COL,2023,2
412,Overpaid_Underperformer,COL,2023,1
413,Underpaid_Performer,COL,2023,10
414,Developing_Low_Cost_Player,COL,2024,3
415,Overpaid_Underperformer,COL,2024,1
416,Underpaid_Performer,COL,2024,6
417,Well_Paid_Performer,COL,2024,3
418,Developing_Low_Cost_Player,CWS,2011,3
419,Overpaid_Underperformer,CWS,2011,3
420,Underpaid_Performer,CWS,2011,3
421,Well_Paid_Performer,CWS,2011,4
422,Developing_Low_Cost_Player,CWS,2012,5
423,Overpaid_Underperformer,CWS,2012,3
424,Underpaid_Performer,CWS,2012,3
425,Well_Paid_Performer,CWS,2012,2
426,Developing_Low_Cost_Player,CWS,2013,4
427,Overpaid_Underperformer,CWS,2013,2
428,Underpaid_Performer,CWS,2013,5
429,Well_Paid_Performer,CWS,2013,2
430,Developing_Low_Cost_Player,CWS,2014,5
431,Overpaid_Underperformer,CWS,2014,2
432,Underpaid_Performer,CWS,2014,4
433,Well_Paid_Performer,CWS,2014,2
434,Developing_Low_Cost_Player,CWS,2015,4
435,Overpaid_Underperformer,CWS,2015,3
436,Underpaid_Performer,CWS,2015,2
437,Well_Paid_Performer,CWS,2015,4
438,Developing_Low_Cost_Player,CWS,2016,5
439,Overpaid_Underperformer,CWS,2016,1
440,Underpaid_Performer,CWS,2016,4
441,Well_Paid_Performer,CWS,2016,3
442,Developing_Low_Cost_Player,CWS,2017,4
443,Underpaid_Performer,CWS,2017,9
444,Well_Paid_Performer,CWS,2017,1
445,Developing_Low_Cost_Player,CWS,2018,3
446,Overpaid_Underperformer,CWS,2018,2
447,Underpaid_Performer,CWS,2018,6
448,Well_Paid_Performer,CWS,2018,2
449,Developing_Low_Cost_Player,CWS,2019,4
450,Overpaid_Underperformer,CWS,2019,2
451,Underpaid_Performer,CWS,2019,5
452,Well_Paid_Performer,CWS,2019,2
453,Developing_Low_Cost_Player,CWS,2020,5
454,Overpaid_Underperformer,CWS,2020,2
455,Underpaid_Performer,CWS,2020,6
456,Developing_Low_Cost_Player,CWS,2021,4
457,Overpaid_Underperformer,CWS,2021,3
458,Underpaid_Performer,CWS,2021,1
459,Well_Paid_Performer,CWS,2021,5
460,Developing_Low_Cost_Player,CWS,2022,2
461,Overpaid_Underperformer,CWS,2022,6
462,Underpaid_Performer,CWS,2022,2
463,Well_Paid_Performer,CWS,2022,3
464,Developing_Low_Cost_Player,CWS,2023,2
465,Overpaid_Underperformer,CWS,2023,1
466,Underpaid_Performer,CWS,2023,8
467,Well_Paid_Performer,CWS,2023,5
468,Developing_Low_Cost_Player,CWS,2024,4
469,Overpaid_Underperformer,CWS,2024,1
470,Underpaid_Performer,CWS,2024,7
471,Well_Paid_Performer,CWS,2024,1
472,Developing_Low_Cost_Player,DET,2011,3
473,Overpaid_Underperformer,DET,2011,2
474,Underpaid_Performer,DET,2011,5
475,Well_Paid_Performer,DET,2011,3
476,Developing_Low_Cost_Player,DET,2012,5
477,Overpaid_Underperformer,DET,2012,4
478,Underpaid_Performer,DET,2012,1
479,Well_Paid_Performer,DET,2012,3
480,Developing_Low_Cost_Player,DET,2013,5
481,Overpaid_Underperformer,DET,2013,2
482,Underpaid_Performer,DET,2013,1
483,Well_Paid_Performer,DET,2013,5
484,Developing_Low_Cost_Player,DET,2014,2
485,Overpaid_Underperformer,DET,2014,4
486,Underpaid_Performer,DET,2014,4
487,Well_Paid_Performer,DET,2014,3
488,Developing_Low_Cost_Player,DET,2015,3
489,Overpaid_Underperformer,DET,2015,1
490,Underpaid_Performer,DET,2015,7
491,Well_Paid_Performer,DET,2015,2
492,Developing_Low_Cost_Player,DET,2016,4
493,Overpaid_Underperformer,DET,2016,3
494,Underpaid_Performer,DET,2016,2
495,Well_Paid_Performer,DET,2016,4
496,Developing_Low_Cost_Player,DET,2017,2
497,Overpaid_Underperformer,DET,2017,1
498,Underpaid_Performer,DET,2017,8
499,Well_Paid_Performer,DET,2017,2
500,Developing_Low_Cost_Player,DET,2018,6
501,Overpaid_Underperformer,DET,2018,2
502,Underpaid_Performer,DET,2018,3
503,Well_Paid_Performer,DET,2018,2
504,Developing_Low_Cost_Player,DET,2019,4
505,Underpaid_Performer,DET,2019,6
506,Well_Paid_Performer,DET,2019,3
507,Developing_Low_Cost_Player,DET,2020,5
508,Overpaid_Underperformer,DET,2020,1
509,Underpaid_Performer,DET,2020,7
510,Developing_Low_Cost_Player,DET,2021,5
511,Overpaid_Underperformer,DET,2021,2
512,Underpaid_Performer,DET,2021,6
513,Developing_Low_Cost_Player,DET,2022,6
514,Overpaid_Underperformer,DET,2022,4
515,Underpaid_Performer,DET,2022,3
516,Developing_Low_Cost_Player,DET,2023,8
517,Overpaid_Underperformer,DET,2023,1
518,Underpaid_Performer,DET,2023,3
519,Well_Paid_Performer,DET,2023,1
520,Developing_Low_Cost_Player,DET,2024,8
521,Underpaid_Performer,DET,2024,3
522,Well_Paid_Performer,DET,2024,2
523,Developing_Low_Cost_Player,HOU,2011,4
524,Underpaid_Performer,HOU,2011,7
525,Well_Paid_Performer,HOU,2011,2
526,Developing_Low_Cost_Player,HOU,2012,6
527,Overpaid_Underperformer,HOU,2012,1
528,Underpaid_Performer,HOU,2012,6
529,Developing_Low_Cost_Player,HOU,2013,3
530,Underpaid_Performer,HOU,2013,9
531,Well_Paid_Performer,HOU,2013,1
532,Developing_Low_Cost_Player,HOU,2014,4
533,Overpaid_Underperformer,HOU,2014,1
534,Underpaid_Performer,HOU,2014,6
535,Well_Paid_Performer,HOU,2014,2
536,Developing_Low_Cost_Player,HOU,2015,6
537,Overpaid_Underperformer,HOU,2015,5
538,Underpaid_Performer,HOU,2015,1
539,Well_Paid_Performer,HOU,2015,1
540,Developing_Low_Cost_Player,HOU,2016,6
541,Overpaid_Underperformer,HOU,2016,3
542,Underpaid_Performer,HOU,2016,2
543,Well_Paid_Performer,HOU,2016,2
544,Developing_Low_Cost_Player,HOU,2017,5
545,Overpaid_Underperformer,HOU,2017,2
546,Underpaid_Performer,HOU,2017,3
547,Well_Paid_Performer,HOU,2017,3
548,Developing_Low_Cost_Player,HOU,2018,2
549,Overpaid_Underperformer,HOU,2018,6
550,Well_Paid_Performer,HOU,2018,5
551,Developing_Low_Cost_Player,HOU,2019,2
552,Overpaid_Underperformer,HOU,2019,7
553,Underpaid_Performer,HOU,2019,1
554,Well_Paid_Performer,HOU,2019,3
555,Developing_Low_Cost_Player,HOU,2020,7
556,Overpaid_Underperformer,HOU,2020,3
557,Underpaid_Performer,HOU,2020,3
558,Developing_Low_Cost_Player,HOU,2021,8
559,Overpaid_Underperformer,HOU,2021,3
560,Underpaid_Performer,HOU,2021,1
561,Well_Paid_Performer,HOU,2021,2
562,Developing_Low_Cost_Player,HOU,2022,4
563,Overpaid_Underperformer,HOU,2022,7
564,Well_Paid_Performer,HOU,2022,3
565,Developing_Low_Cost_Player,HOU,2023,3
566,Overpaid_Underperformer,HOU,2023,7
567,Underpaid_Performer,HOU,2023,1
568,Well_Paid_Performer,HOU,2023,2
569,Developing_Low_Cost_Player,HOU,2024,7
570,Overpaid_Underperformer,HOU,2024,4
571,Well_Paid_Performer,HOU,2024,2
572,Developing_Low_Cost_Player,KC,2011,4
573,Overpaid_Underperformer,KC,2011,2
574,Underpaid_Performer,KC,2011,4
575,Well_Paid_Performer,KC,2011,3
576,Developing_Low_Cost_Player,KC,2012,6
577,Overpaid_Underperformer,KC,2012,2
578,Underpaid_Performer,KC,2012,3
579,Well_Paid_Performer,KC,2012,2
580,Developing_Low_Cost_Player,KC,2013,5
581,Overpaid_Underperformer,KC,2013,2
582,Underpaid_Performer,KC,2013,2
583,Well_Paid_Performer,KC,2013,4
584,Developing_Low_Cost_Player,KC,2014,3
585,Overpaid_Underperformer,KC,2014,3
586,Underpaid_Performer,KC,2014,4
587,Well_Paid_Performer,KC,2014,3
588,Developing_Low_Cost_Player,KC,2015,4
589,Overpaid_Underperformer,KC,2015,6
590,Well_Paid_Performer,KC,2015,3
591,Developing_Low_Cost_Player,KC,2016,3
592,Overpaid_Underperformer,KC,2016,4
593,Underpaid_Performer,KC,2016,1
594,Well_Paid_Performer,KC,2016,5
595,Developing_Low_Cost_Player,KC,2017,3
596,Overpaid_Underperformer,KC,2017,4
597,Underpaid_Performer,KC,2017,2
598,Well_Paid_Performer,KC,2017,4
599,Developing_Low_Cost_Player,KC,2018,2
600,Overpaid_Underperformer,KC,2018,1
601,Underpaid_Performer,KC,2018,6
602,Well_Paid_Performer,KC,2018,4
603,Developing_Low_Cost_Player,KC,2019,3
604,Overpaid_Underperformer,KC,2019,1
605,Underpaid_Performer,KC,2019,8
606,Well_Paid_Performer,KC,2019,1
607,Developing_Low_Cost_Player,KC,2020,5
608,Overpaid_Underperformer,KC,2020,2
609,Underpaid_Performer,KC,2020,5
610,Developing_Low_Cost_Player,KC,2021,5
611,Overpaid_Underperformer,KC,2021,2
612,Underpaid_Performer,KC,2021,5
613,Developing_Low_Cost_Player,KC,2022,2
614,Overpaid_Underperformer,KC,2022,2
615,Underpaid_Performer,KC,2022,7
616,Well_Paid_Performer,KC,2022,2
617,Developing_Low_Cost_Player,KC,2023,3
618,Underpaid_Performer,KC,2023,7
619,Well_Paid_Performer,KC,2023,2
620,Developing_Low_Cost_Player,KC,2024,7
621,Overpaid_Underperformer,KC,2024,2
622,Underpaid_Performer,KC,2024,1
623,Well_Paid_Performer,KC,2024,3
624,Developing_Low_Cost_Player,LAA,2011,3
625,Overpaid_Underperformer,LAA,2011,3
626,Underpaid_Performer,LAA,2011,3
627,Well_Paid_Performer,LAA,2011,4
628,Developing_Low_Cost_Player,LAA,2012,4
629,Overpaid_Underperformer,LAA,2012,2
630,Underpaid_Performer,LAA,2012,3
631,Well_Paid_Performer,LAA,2012,4
632,Developing_Low_Cost_Player,LAA,2013,5
633,Overpaid_Underperformer,LAA,2013,1
634,Underpaid_Performer,LAA,2013,2
635,Well_Paid_Performer,LAA,2013,5
636,Developing_Low_Cost_Player,LAA,2014,7
637,Overpaid_Underperformer,LAA,2014,4
638,Well_Paid_Performer,LAA,2014,2
639,Developing_Low_Cost_Player,LAA,2015,4
640,Overpaid_Underperformer,LAA,2015,4
641,Underpaid_Performer,LAA,2015,2
642,Well_Paid_Performer,LAA,2015,3
643,Developing_Low_Cost_Player,LAA,2016,5
644,Overpaid_Underperformer,LAA,2016,1
645,Underpaid_Performer,LAA,2016,6
646,Well_Paid_Performer,LAA,2016,1
647,Developing_Low_Cost_Player,LAA,2017,5
648,Overpaid_Underperformer,LAA,2017,3
649,Underpaid_Performer,LAA,2017,3
650,Well_Paid_Performer,LAA,2017,2
651,Developing_Low_Cost_Player,LAA,2018,9
652,Overpaid_Underperformer,LAA,2018,3
653,Well_Paid_Performer,LAA,2018,1
654,Developing_Low_Cost_Player,LAA,2019,3
655,Overpaid_Underperformer,LAA,2019,4
656,Underpaid_Performer,LAA,2019,5
657,Well_Paid_Performer,LAA,2019,1
658,Developing_Low_Cost_Player,LAA,2020,6
659,Overpaid_Underperformer,LAA,2020,2
660,Underpaid_Performer,LAA,2020,5
661,Developing_Low_Cost_Player,LAA,2021,6
662,Overpaid_Underperformer,LAA,2021,2
663,Underpaid_Performer,LAA,2021,4
664,Well_Paid_Performer,LAA,2021,1
665,Developing_Low_Cost_Player,LAA,2022,8
666,Overpaid_Underperformer,LAA,2022,3
667,Underpaid_Performer,LAA,2022,1
668,Well_Paid_Performer,LAA,2022,1
669,Developing_Low_Cost_Player,LAA,2023,6
670,Overpaid_Underperformer,LAA,2023,1
671,Underpaid_Performer,LAA,2023,6
672,Developing_Low_Cost_Player,LAA,2024,5
673,Underpaid_Performer,LAA,2024,6
674,Well_Paid_Performer,LAA,2024,2
675,Developing_Low_Cost_Player,LAD,2011,5
676,Overpaid_Underperformer,LAD,2011,2
677,Underpaid_Performer,LAD,2011,2
678,Well_Paid_Performer,LAD,2011,4
679,Developing_Low_Cost_Player,LAD,2012,6
680,Overpaid_Underperformer,LAD,2012,2
681,Underpaid_Performer,LAD,2012,1
682,Well_Paid_Performer,LAD,2012,4
683,Developing_Low_Cost_Player,LAD,2013,3
684,Overpaid_Underperformer,LAD,2013,6
685,Underpaid_Performer,LAD,2013,2
686,Well_Paid_Performer,LAD,2013,2
687,Developing_Low_Cost_Player,LAD,2014,1
688,Overpaid_Underperformer,LAD,2014,6
689,Underpaid_Performer,LAD,2014,2
690,Well_Paid_Performer,LAD,2014,4
691,Developing_Low_Cost_Player,LAD,2015,4
692,Overpaid_Underperformer,LAD,2015,4
693,Underpaid_Performer,LAD,2015,2
694,Well_Paid_Performer,LAD,2015,3
695,Developing_Low_Cost_Player,LAD,2016,5
696,Overpaid_Underperformer,LAD,2016,4
697,Underpaid_Performer,LAD,2016,1
698,Well_Paid_Performer,LAD,2016,3
699,Developing_Low_Cost_Player,LAD,2017,4
700,Overpaid_Underperformer,LAD,2017,4
701,Underpaid_Performer,LAD,2017,1
702,Well_Paid_Performer,LAD,2017,4
703,Developing_Low_Cost_Player,LAD,2018,6
704,Overpaid_Underperformer,LAD,2018,3
705,Well_Paid_Performer,LAD,2018,4
706,Developing_Low_Cost_Player,LAD,2019,6
707,Overpaid_Underperformer,LAD,2019,4
708,Underpaid_Performer,LAD,2019,1
709,Well_Paid_Performer,LAD,2019,2
710,Developing_Low_Cost_Player,LAD,2020,9
711,Overpaid_Underperformer,LAD,2020,7
712,Developing_Low_Cost_Player,LAD,2021,5
713,Overpaid_Underperformer,LAD,2021,5
714,Underpaid_Performer,LAD,2021,1
715,Well_Paid_Performer,LAD,2021,2
716,Developing_Low_Cost_Player,LAD,2022,7
717,Overpaid_Underperformer,LAD,2022,4
718,Well_Paid_Performer,LAD,2022,2
719,Developing_Low_Cost_Player,LAD,2023,9
720,Overpaid_Underperformer,LAD,2023,1
721,Underpaid_Performer,LAD,2023,2
722,Well_Paid_Performer,LAD,2023,1
723,Developing_Low_Cost_Player,LAD,2024,6
724,Overpaid_Underperformer,LAD,2024,7
725,Developing_Low_Cost_Player,MIA,2011,4
726,Overpaid_Underperformer,MIA,2011,3
727,Underpaid_Performer,MIA,2011,3
728,Well_Paid_Performer,MIA,2011,3
729,Developing_Low_Cost_Player,MIA,2012,2
730,Overpaid_Underperformer,MIA,2012,1
731,Underpaid_Performer,MIA,2012,6
732,Well_Paid_Performer,MIA,2012,4
733,Developing_Low_Cost_Player,MIA,2013,10
734,Overpaid_Underperformer,MIA,2013,1
735,Underpaid_Performer,MIA,2013,2
736,Developing_Low_Cost_Player,MIA,2014,9
737,Overpaid_Underperformer,MIA,2014,2
738,Underpaid_Performer,MIA,2014,1
739,Well_Paid_Performer,MIA,2014,1
740,Developing_Low_Cost_Player,MIA,2015,5
741,Overpaid_Underperformer,MIA,2015,2
742,Underpaid_Performer,MIA,2015,6
743,Developing_Low_Cost_Player,MIA,2016,4
744,Overpaid_Underperformer,MIA,2016,4
745,Underpaid_Performer,MIA,2016,3
746,Well_Paid_Performer,MIA,2016,2
747,Developing_Low_Cost_Player,MIA,2017,5
748,Overpaid_Underperformer,MIA,2017,3
749,Underpaid_Performer,MIA,2017,5
750,Developing_Low_Cost_Player,MIA,2018,6
751,Underpaid_Performer,MIA,2018,5
752,Well_Paid_Performer,MIA,2018,2
753,Developing_Low_Cost_Player,MIA,2019,4
754,Overpaid_Underperformer,MIA,2019,2
755,Underpaid_Performer,MIA,2019,6
756,Well_Paid_Performer,MIA,2019,1
757,Developing_Low_Cost_Player,MIA,2020,6
758,Overpaid_Underperformer,MIA,2020,1
759,Underpaid_Performer,MIA,2020,6
760,Developing_Low_Cost_Player,MIA,2021,8
761,Overpaid_Underperformer,MIA,2021,1
762,Underpaid_Performer,MIA,2021,4
763,Developing_Low_Cost_Player,MIA,2022,6
764,Overpaid_Underperformer,MIA,2022,2
765,Underpaid_Performer,MIA,2022,3
766,Well_Paid_Performer,MIA,2022,2
767,Developing_Low_Cost_Player,MIA,2023,8
768,Overpaid_Underperformer,MIA,2023,3
769,Underpaid_Performer,MIA,2023,1
770,Well_Paid_Performer,MIA,2023,1
771,Developing_Low_Cost_Player,MIA,2024,5
772,Underpaid_Performer,MIA,2024,7
773,Developing_Low_Cost_Player,MIL,2011,5
774,Overpaid_Underperformer,MIL,2011,3
775,Underpaid_Performer,MIL,2011,1
776,Well_Paid_Performer,MIL,2011,4
777,Developing_Low_Cost_Player,MIL,2012,4
778,Overpaid_Underperformer,MIL,2012,4
779,Underpaid_Performer,MIL,2012,2
780,Well_Paid_Performer,MIL,2012,3
781,Developing_Low_Cost_Player,MIL,2013,3
782,Overpaid_Underperformer,MIL,2013,4
783,Underpaid_Performer,MIL,2013,3
784,Well_Paid_Performer,MIL,2013,3
785,Developing_Low_Cost_Player,MIL,2014,4
786,Overpaid_Underperformer,MIL,2014,1
787,Underpaid_Performer,MIL,2014,4
788,Well_Paid_Performer,MIL,2014,4
789,Developing_Low_Cost_Player,MIL,2015,4
790,Overpaid_Underperformer,MIL,2015,1
791,Underpaid_Performer,MIL,2015,6
792,Well_Paid_Performer,MIL,2015,2
793,Developing_Low_Cost_Player,MIL,2016,6
794,Underpaid_Performer,MIL,2016,4
795,Well_Paid_Performer,MIL,2016,3
796,Developing_Low_Cost_Player,MIL,2017,7
797,Overpaid_Underperformer,MIL,2017,1
798,Underpaid_Performer,MIL,2017,3
799,Well_Paid_Performer,MIL,2017,2
800,Developing_Low_Cost_Player,MIL,2018,5
801,Overpaid_Underperformer,MIL,2018,3
802,Underpaid_Performer,MIL,2018,3
803,Well_Paid_Performer,MIL,2018,2
804,Developing_Low_Cost_Player,MIL,2019,7
805,Overpaid_Underperformer,MIL,2019,3
806,Underpaid_Performer,MIL,2019,2
807,Well_Paid_Performer,MIL,2019,1
808,Developing_Low_Cost_Player,MIL,2020,7
809,Overpaid_Underperformer,MIL,2020,3
810,Underpaid_Performer,MIL,2020,3
811,Developing_Low_Cost_Player,MIL,2021,8
812,Overpaid_Underperformer,MIL,2021,3
813,Underpaid_Performer,MIL,2021,1
814,Well_Paid_Performer,MIL,2021,1
815,Developing_Low_Cost_Player,MIL,2022,5
816,Overpaid_Underperformer,MIL,2022,3
817,Underpaid_Performer,MIL,2022,2
818,Well_Paid_Performer,MIL,2022,3
819,Developing_Low_Cost_Player,MIL,2023,6
820,Overpaid_Underperformer,MIL,2023,5
821,Well_Paid_Performer,MIL,2023,2
822,Developing_Low_Cost_Player,MIL,2024,4
823,Overpaid_Underperformer,MIL,2024,6
824,Underpaid_Performer,MIL,2024,1
825,Well_Paid_Performer,MIL,2024,2
826,Developing_Low_Cost_Player,MIN,2011,1
827,Overpaid_Underperformer,MIN,2011,3
828,Underpaid_Performer,MIN,2011,5
829,Well_Paid_Performer,MIN,2011,4
830,Developing_Low_Cost_Player,MIN,2012,3
831,Overpaid_Underperformer,MIN,2012,3
832,Underpaid_Performer,MIN,2012,6
833,Well_Paid_Performer,MIN,2012,1
834,Developing_Low_Cost_Player,MIN,2013,4
835,Overpaid_Underperformer,MIN,2013,3
836,Underpaid_Performer,MIN,2013,4
837,Well_Paid_Performer,MIN,2013,2
838,Developing_Low_Cost_Player,MIN,2014,2
839,Overpaid_Underperformer,MIN,2014,3
840,Underpaid_Performer,MIN,2014,6
841,Well_Paid_Performer,MIN,2014,2
842,Developing_Low_Cost_Player,MIN,2015,4
843,Overpaid_Underperformer,MIN,2015,6
844,Underpaid_Performer,MIN,2015,1
845,Well_Paid_Performer,MIN,2015,2
846,Developing_Low_Cost_Player,MIN,2016,4
847,Overpaid_Underperformer,MIN,2016,2
848,Underpaid_Performer,MIN,2016,6
849,Well_Paid_Performer,MIN,2016,1
850,Developing_Low_Cost_Player,MIN,2017,6
851,Overpaid_Underperformer,MIN,2017,1
852,Underpaid_Performer,MIN,2017,4
853,Well_Paid_Performer,MIN,2017,2
854,Developing_Low_Cost_Player,MIN,2018,2
855,Overpaid_Underperformer,MIN,2018,1
856,Underpaid_Performer,MIN,2018,7
857,Well_Paid_Performer,MIN,2018,3
858,Developing_Low_Cost_Player,MIN,2019,6
859,Overpaid_Underperformer,MIN,2019,1
860,Underpaid_Performer,MIN,2019,3
861,Well_Paid_Performer,MIN,2019,3
862,Developing_Low_Cost_Player,MIN,2020,8
863,Overpaid_Underperformer,MIN,2020,4
864,Underpaid_Performer,MIN,2020,1
865,Developing_Low_Cost_Player,MIN,2021,6
866,Overpaid_Underperformer,MIN,2021,2
867,Underpaid_Performer,MIN,2021,4
868,Well_Paid_Performer,MIN,2021,1
869,Developing_Low_Cost_Player,MIN,2022,8
870,Overpaid_Underperformer,MIN,2022,3
871,Underpaid_Performer,MIN,2022,4
872,Well_Paid_Performer,MIN,2022,1
873,Developing_Low_Cost_Player,MIN,2023,6
874,Overpaid_Underperformer,MIN,2023,3
875,Underpaid_Performer,MIN,2023,2
876,Well_Paid_Performer,MIN,2023,2
877,Developing_Low_Cost_Player,MIN,2024,6
878,Overpaid_Underperformer,MIN,2024,2
879,Underpaid_Performer,MIN,2024,4
880,Well_Paid_Performer,MIN,2024,1
881,Developing_Low_Cost_Player,NYM,2011,6
882,Overpaid_Underperformer,NYM,2011,2
883,Underpaid_Performer,NYM,2011,2
884,Well_Paid_Performer,NYM,2011,3
885,Developing_Low_Cost_Player,NYM,2012,4
886,Overpaid_Underperformer,NYM,2012,4
887,Underpaid_Performer,NYM,2012,3
888,Well_Paid_Performer,NYM,2012,2
889,Developing_Low_Cost_Player,NYM,2013,6
890,Overpaid_Underperformer,NYM,2013,2
891,Underpaid_Performer,NYM,2013,4
892,Well_Paid_Performer,NYM,2013,1
893,Developing_Low_Cost_Player,NYM,2014,7
894,Overpaid_Underperformer,NYM,2014,1
895,Underpaid_Performer,NYM,2014,2
896,Well_Paid_Performer,NYM,2014,3
897,Developing_Low_Cost_Player,NYM,2015,10
898,Overpaid_Underperformer,NYM,2015,1
899,Well_Paid_Performer,NYM,2015,2
900,Developing_Low_Cost_Player,NYM,2016,4
901,Overpaid_Underperformer,NYM,2016,3
902,Underpaid_Performer,NYM,2016,5
903,Well_Paid_Performer,NYM,2016,1
904,Developing_Low_Cost_Player,NYM,2017,3
905,Overpaid_Underperformer,NYM,2017,1
906,Underpaid_Performer,NYM,2017,7
907,Well_Paid_Performer,NYM,2017,2
908,Developing_Low_Cost_Player,NYM,2018,3
909,Overpaid_Underperformer,NYM,2018,2
910,Underpaid_Performer,NYM,2018,5
911,Well_Paid_Performer,NYM,2018,3
912,Developing_Low_Cost_Player,NYM,2019,2
913,Overpaid_Underperformer,NYM,2019,4
914,Underpaid_Performer,NYM,2019,3
915,Well_Paid_Performer,NYM,2019,4
916,Developing_Low_Cost_Player,NYM,2020,3
917,Overpaid_Underperformer,NYM,2020,5
918,Underpaid_Performer,NYM,2020,5
919,Overpaid_Underperformer,NYM,2021,10
920,Underpaid_Performer,NYM,2021,1
921,Well_Paid_Performer,NYM,2021,2
922,Developing_Low_Cost_Player,NYM,2022,3
923,Overpaid_Underperformer,NYM,2022,6
924,Well_Paid_Performer,NYM,2022,4
925,Overpaid_Underperformer,NYM,2023,4
926,Underpaid_Performer,NYM,2023,8
927,Well_Paid_Performer,NYM,2023,1
928,Developing_Low_Cost_Player,NYM,2024,4
929,Overpaid_Underperformer,NYM,2024,5
930,Underpaid_Performer,NYM,2024,1
931,Well_Paid_Performer,NYM,2024,3
932,Developing_Low_Cost_Player,NYY,2011,6
933,Overpaid_Underperformer,NYY,2011,3
934,Underpaid_Performer,NYY,2011,1
935,Well_Paid_Performer,NYY,2011,3
936,Developing_Low_Cost_Player,NYY,2012,2
937,Overpaid_Underperformer,NYY,2012,4
938,Underpaid_Performer,NYY,2012,3
939,Well_Paid_Performer,NYY,2012,4
940,Developing_Low_Cost_Player,NYY,2013,3
941,Overpaid_Underperformer,NYY,2013,4
942,Underpaid_Performer,NYY,2013,2
943,Well_Paid_Performer,NYY,2013,4
944,Developing_Low_Cost_Player,NYY,2014,3
945,Overpaid_Underperformer,NYY,2014,4
946,Underpaid_Performer,NYY,2014,4
947,Well_Paid_Performer,NYY,2014,2
948,Developing_Low_Cost_Player,NYY,2015,5
949,Overpaid_Underperformer,NYY,2015,2
950,Underpaid_Performer,NYY,2015,1
951,Well_Paid_Performer,NYY,2015,5
952,Developing_Low_Cost_Player,NYY,2016,2
953,Overpaid_Underperformer,NYY,2016,1
954,Underpaid_Performer,NYY,2016,7
955,Well_Paid_Performer,NYY,2016,3
956,Developing_Low_Cost_Player,NYY,2017,6
957,Overpaid_Underperformer,NYY,2017,4
958,Underpaid_Performer,NYY,2017,1
959,Well_Paid_Performer,NYY,2017,2
960,Developing_Low_Cost_Player,NYY,2018,3
961,Overpaid_Underperformer,NYY,2018,5
962,Underpaid_Performer,NYY,2018,2
963,Well_Paid_Performer,NYY,2018,3
964,Developing_Low_Cost_Player,NYY,2019,3
965,Overpaid_Underperformer,NYY,2019,3
966,Underpaid_Performer,NYY,2019,3
967,Well_Paid_Performer,NYY,2019,4
968,Developing_Low_Cost_Player,NYY,2020,3
969,Overpaid_Underperformer,NYY,2020,5
970,Underpaid_Performer,NYY,2020,4
971,Well_Paid_Performer,NYY,2020,1
972,Developing_Low_Cost_Player,NYY,2021,6
973,Overpaid_Underperformer,NYY,2021,2
974,Underpaid_Performer,NYY,2021,1
975,Well_Paid_Performer,NYY,2021,4
976,Developing_Low_Cost_Player,NYY,2022,5
977,Overpaid_Underperformer,NYY,2022,6
978,Well_Paid_Performer,NYY,2022,2
979,Developing_Low_Cost_Player,NYY,2023,6
980,Overpaid_Underperformer,NYY,2023,2
981,Underpaid_Performer,NYY,2023,3
982,Well_Paid_Performer,NYY,2023,2
983,Developing_Low_Cost_Player,NYY,2024,3
984,Overpaid_Underperformer,NYY,2024,4
985,Underpaid_Performer,NYY,2024,3
986,Well_Paid_Performer,NYY,2024,3
987,Developing_Low_Cost_Player,OAK,2011,5
988,Overpaid_Underperformer,OAK,2011,5
989,Underpaid_Performer,OAK,2011,1
990,Well_Paid_Performer,OAK,2011,2
991,Developing_Low_Cost_Player,OAK,2012,8
992,Overpaid_Underperformer,OAK,2012,3
993,Underpaid_Performer,OAK,2012,2
994,Developing_Low_Cost_Player,OAK,2013,9
995,Overpaid_Underperformer,OAK,2013,3
996,Well_Paid_Performer,OAK,2013,1
997,Developing_Low_Cost_Player,OAK,2014,5
998,Overpaid_Underperformer,OAK,2014,5
999,Well_Paid_Performer,OAK,2014,2
1000,Developing_Low_Cost_Player,OAK,2015,3
1001,Overpaid_Underperformer,OAK,2015,2
1002,Underpaid_Performer,OAK,2015,7
1003,Well_Paid_Performer,OAK,2015,1
1004,Developing_Low_Cost_Player,OAK,2016,7
1005,Overpaid_Underperformer,OAK,2016,3
1006,Underpaid_Performer,OAK,2016,3
1007,Developing_Low_Cost_Player,OAK,2017,5
1008,Overpaid_Underperformer,OAK,2017,1
1009,Underpaid_Performer,OAK,2017,7
1010,Developing_Low_Cost_Player,OAK,2018,7
1011,Overpaid_Underperformer,OAK,2018,5
1012,Underpaid_Performer,OAK,2018,1
1013,Developing_Low_Cost_Player,OAK,2019,3
1014,Overpaid_Underperformer,OAK,2019,6
1015,Underpaid_Performer,OAK,2019,2
1016,Well_Paid_Performer,OAK,2019,2
1017,Developing_Low_Cost_Player,OAK,2020,6
1018,Overpaid_Underperformer,OAK,2020,5
1019,Underpaid_Performer,OAK,2020,2
1020,Developing_Low_Cost_Player,OAK,2021,5
1021,Overpaid_Underperformer,OAK,2021,3
1022,Underpaid_Performer,OAK,2021,2
1023,Well_Paid_Performer,OAK,2021,3
1024,Developing_Low_Cost_Player,OAK,2022,4
1025,Underpaid_Performer,OAK,2022,9
1026,Developing_Low_Cost_Player,OAK,2023,3
1027,Overpaid_Underperformer,OAK,2023,2
1028,Underpaid_Performer,OAK,2023,7
1029,Well_Paid_Performer,OAK,2023,1
1030,Developing_Low_Cost_Player,OAK,2024,7
1031,Overpaid_Underperformer,OAK,2024,3
1032,Underpaid_Performer,OAK,2024,2
1033,Well_Paid_Performer,OAK,2024,1
1034,Developing_Low_Cost_Player,PHI,2011,3
1035,Overpaid_Underperformer,PHI,2011,5
1036,Underpaid_Performer,PHI,2011,1
1037,Well_Paid_Performer,PHI,2011,4
1038,Developing_Low_Cost_Player,PHI,2012,4
1039,Overpaid_Underperformer,PHI,2012,1
1040,Underpaid_Performer,PHI,2012,3
1041,Well_Paid_Performer,PHI,2012,5
1042,Developing_Low_Cost_Player,PHI,2013,2
1043,Overpaid_Underperformer,PHI,2013,2
1044,Underpaid_Performer,PHI,2013,5
1045,Well_Paid_Performer,PHI,2013,4
1046,Developing_Low_Cost_Player,PHI,2014,4
1047,Overpaid_Underperformer,PHI,2014,3
1048,Underpaid_Performer,PHI,2014,3
1049,Well_Paid_Performer,PHI,2014,3
1050,Developing_Low_Cost_Player,PHI,2015,6
1051,Underpaid_Performer,PHI,2015,5
1052,Well_Paid_Performer,PHI,2015,2
1053,Developing_Low_Cost_Player,PHI,2016,5
1054,Overpaid_Underperformer,PHI,2016,2
1055,Underpaid_Performer,PHI,2016,5
1056,Well_Paid_Performer,PHI,2016,1
1057,Developing_Low_Cost_Player,PHI,2017,6
1058,Overpaid_Underperformer,PHI,2017,1
1059,Underpaid_Performer,PHI,2017,6
1060,Developing_Low_Cost_Player,PHI,2018,9
1061,Overpaid_Underperformer,PHI,2018,2
1062,Underpaid_Performer,PHI,2018,1
1063,Well_Paid_Performer,PHI,2018,1
1064,Developing_Low_Cost_Player,PHI,2019,1
1065,Overpaid_Underperformer,PHI,2019,4
1066,Underpaid_Performer,PHI,2019,5
1067,Well_Paid_Performer,PHI,2019,3
1068,Developing_Low_Cost_Player,PHI,2020,4
1069,Overpaid_Underperformer,PHI,2020,3
1070,Underpaid_Performer,PHI,2020,6
1071,Developing_Low_Cost_Player,PHI,2021,4
1072,Overpaid_Underperformer,PHI,2021,2
1073,Underpaid_Performer,PHI,2021,5
1074,Well_Paid_Performer,PHI,2021,5
1075,Developing_Low_Cost_Player,PHI,2022,5
1076,Overpaid_Underperformer,PHI,2022,5
1077,Well_Paid_Performer,PHI,2022,3
1078,Developing_Low_Cost_Player,PHI,2023,2
1079,Overpaid_Underperformer,PHI,2023,8
1080,Well_Paid_Performer,PHI,2023,3
1081,Developing_Low_Cost_Player,PHI,2024,4
1082,Overpaid_Underperformer,PHI,2024,4
1083,Underpaid_Performer,PHI,2024,1
1084,Well_Paid_Performer,PHI,2024,4
1085,Developing_Low_Cost_Player,PIT,2011,2
1086,Overpaid_Underperformer,PIT,2011,1
1087,Underpaid_Performer,PIT,2011,6
1088,Well_Paid_Performer,PIT,2011,4
1089,Developing_Low_Cost_Player,PIT,2012,3
1090,Overpaid_Underperformer,PIT,2012,6
1091,Underpaid_Performer,PIT,2012,1
1092,Well_Paid_Performer,PIT,2012,3
1093,Developing_Low_Cost_Player,PIT,2013,8
1094,Overpaid_Underperformer,PIT,2013,3
1095,Well_Paid_Performer,PIT,2013,2
1096,Developing_Low_Cost_Player,PIT,2014,5
1097,Overpaid_Underperformer,PIT,2014,1
1098,Underpaid_Performer,PIT,2014,4
1099,Well_Paid_Performer,PIT,2014,3
1100,Developing_Low_Cost_Player,PIT,2015,4
1101,Overpaid_Underperformer,PIT,2015,5
1102,Underpaid_Performer,PIT,2015,2
1103,Well_Paid_Performer,PIT,2015,2
1104,Developing_Low_Cost_Player,PIT,2016,2
1105,Overpaid_Underperformer,PIT,2016,5
1106,Underpaid_Performer,PIT,2016,4
1107,Well_Paid_Performer,PIT,2016,2
1108,Developing_Low_Cost_Player,PIT,2017,6
1109,Overpaid_Underperformer,PIT,2017,1
1110,Underpaid_Performer,PIT,2017,4
1111,Well_Paid_Performer,PIT,2017,2
1112,Developing_Low_Cost_Player,PIT,2018,6
1113,Overpaid_Underperformer,PIT,2018,2
1114,Underpaid_Performer,PIT,2018,4
1115,Well_Paid_Performer,PIT,2018,1
1116,Developing_Low_Cost_Player,PIT,2019,3
1117,Overpaid_Underperformer,PIT,2019,2
1118,Underpaid_Performer,PIT,2019,8
1119,Developing_Low_Cost_Player,PIT,2020,5
1120,Underpaid_Performer,PIT,2020,11
1121,Developing_Low_Cost_Player,PIT,2021,3
1122,Underpaid_Performer,PIT,2021,9
1123,Well_Paid_Performer,PIT,2021,1
1124,Developing_Low_Cost_Player,PIT,2022,6
1125,Underpaid_Performer,PIT,2022,6
1126,Developing_Low_Cost_Player,PIT,2023,7
1127,Underpaid_Performer,PIT,2023,4
1128,Well_Paid_Performer,PIT,2023,2
1129,Developing_Low_Cost_Player,PIT,2024,7
1130,Overpaid_Underperformer,PIT,2024,2
1131,Underpaid_Performer,PIT,2024,3
1132,Well_Paid_Performer,PIT,2024,1
1133,Developing_Low_Cost_Player,SD,2011,6
1134,Overpaid_Underperformer,SD,2011,3
1135,Underpaid_Performer,SD,2011,2
1136,Well_Paid_Performer,SD,2011,2
1137,Developing_Low_Cost_Player,SD,2012,6
1138,Overpaid_Underperformer,SD,2012,2
1139,Underpaid_Performer,SD,2012,3
1140,Well_Paid_Performer,SD,2012,2
1141,Developing_Low_Cost_Player,SD,2013,6
1142,Overpaid_Underperformer,SD,2013,4
1143,Underpaid_Performer,SD,2013,2
1144,Well_Paid_Performer,SD,2013,1
1145,Developing_Low_Cost_Player,SD,2014,6
1146,Overpaid_Underperformer,SD,2014,2
1147,Underpaid_Performer,SD,2014,1
1148,Well_Paid_Performer,SD,2014,4
1149,Developing_Low_Cost_Player,SD,2015,2
1150,Overpaid_Underperformer,SD,2015,3
1151,Underpaid_Performer,SD,2015,4
1152,Well_Paid_Performer,SD,2015,4
1153,Developing_Low_Cost_Player,SD,2016,4
1154,Overpaid_Underperformer,SD,2016,1
1155,Underpaid_Performer,SD,2016,8
1156,Developing_Low_Cost_Player,SD,2017,7
1157,Underpaid_Performer,SD,2017,4
1158,Well_Paid_Performer,SD,2017,2
1159,Developing_Low_Cost_Player,SD,2018,6
1160,Overpaid_Underperformer,SD,2018,2
1161,Underpaid_Performer,SD,2018,5
1162,Developing_Low_Cost_Player,SD,2019,8
1163,Overpaid_Underperformer,SD,2019,3
1164,Underpaid_Performer,SD,2019,2
1165,Developing_Low_Cost_Player,SD,2020,5
1166,Overpaid_Underperformer,SD,2020,4
1167,Underpaid_Performer,SD,2020,3
1168,Developing_Low_Cost_Player,SD,2021,3
1169,Overpaid_Underperformer,SD,2021,6
1170,Underpaid_Performer,SD,2021,3
1171,Well_Paid_Performer,SD,2021,1
1172,Developing_Low_Cost_Player,SD,2022,3
1173,Overpaid_Underperformer,SD,2022,6
1174,Well_Paid_Performer,SD,2022,5
1175,Developing_Low_Cost_Player,SD,2023,3
1176,Overpaid_Underperformer,SD,2023,6
1177,Underpaid_Performer,SD,2023,1
1178,Well_Paid_Performer,SD,2023,3
1179,Developing_Low_Cost_Player,SD,2024,4
1180,Overpaid_Underperformer,SD,2024,6
1181,Well_Paid_Performer,SD,2024,3
1182,Developing_Low_Cost_Player,SEA,2011,5
1183,Overpaid_Underperformer,SEA,2011,1
1184,Underpaid_Performer,SEA,2011,5
1185,Well_Paid_Performer,SEA,2011,2
1186,Developing_Low_Cost_Player,SEA,2012,5
1187,Overpaid_Underperformer,SEA,2012,2
1188,Underpaid_Performer,SEA,2012,3
1189,Well_Paid_Performer,SEA,2012,3
1190,Developing_Low_Cost_Player,SEA,2013,3
1191,Overpaid_Underperformer,SEA,2013,1
1192,Underpaid_Performer,SEA,2013,6
1193,Well_Paid_Performer,SEA,2013,3
1194,Developing_Low_Cost_Player,SEA,2014,7
1195,Overpaid_Underperformer,SEA,2014,1
1196,Underpaid_Performer,SEA,2014,2
1197,Well_Paid_Performer,SEA,2014,3
1198,Developing_Low_Cost_Player,SEA,2015,4
1199,Overpaid_Underperformer,SEA,2015,1
1200,Underpaid_Performer,SEA,2015,6
1201,Well_Paid_Performer,SEA,2015,2
1202,Developing_Low_Cost_Player,SEA,2016,5
1203,Overpaid_Underperformer,SEA,2016,2
1204,Underpaid_Performer,SEA,2016,4
1205,Well_Paid_Performer,SEA,2016,2
1206,Developing_Low_Cost_Player,SEA,2017,3
1207,Overpaid_Underperformer,SEA,2017,2
1208,Underpaid_Performer,SEA,2017,5
1209,Well_Paid_Performer,SEA,2017,3
1210,Developing_Low_Cost_Player,SEA,2018,6
1211,Overpaid_Underperformer,SEA,2018,3
1212,Underpaid_Performer,SEA,2018,1
1213,Well_Paid_Performer,SEA,2018,3
1214,Developing_Low_Cost_Player,SEA,2019,6
1215,Overpaid_Underperformer,SEA,2019,1
1216,Underpaid_Performer,SEA,2019,3
1217,Well_Paid_Performer,SEA,2019,3
1218,Developing_Low_Cost_Player,SEA,2020,7
1219,Overpaid_Underperformer,SEA,2020,1
1220,Underpaid_Performer,SEA,2020,8
1221,Developing_Low_Cost_Player,SEA,2021,8
1222,Underpaid_Performer,SEA,2021,2
1223,Well_Paid_Performer,SEA,2021,3
1224,Developing_Low_Cost_Player,SEA,2022,6
1225,Overpaid_Underperformer,SEA,2022,3
1226,Underpaid_Performer,SEA,2022,1
1227,Well_Paid_Performer,SEA,2022,3
1228,Developing_Low_Cost_Player,SEA,2023,10
1229,Overpaid_Underperformer,SEA,2023,1
1230,Underpaid_Performer,SEA,2023,1
1231,Well_Paid_Performer,SEA,2023,1
1232,Developing_Low_Cost_Player,SEA,2024,8
1233,Overpaid_Underperformer,SEA,2024,2
1234,Underpaid_Performer,SEA,2024,2
1235,Well_Paid_Performer,SEA,2024,1
1236,Developing_Low_Cost_Player,SF,2011,4
1237,Overpaid_Underperformer,SF,2011,7
1238,Well_Paid_Performer,SF,2011,2
1239,Developing_Low_Cost_Player,SF,2012,1
1240,Overpaid_Underperformer,SF,2012,4
1241,Underpaid_Performer,SF,2012,3
1242,Well_Paid_Performer,SF,2012,5
1243,Developing_Low_Cost_Player,SF,2013,4
1244,Overpaid_Underperformer,SF,2013,4
1245,Underpaid_Performer,SF,2013,2
1246,Well_Paid_Performer,SF,2013,3
1247,Developing_Low_Cost_Player,SF,2014,3
1248,Overpaid_Underperformer,SF,2014,6
1249,Well_Paid_Performer,SF,2014,4
1250,Developing_Low_Cost_Player,SF,2015,2
1251,Overpaid_Underperformer,SF,2015,7
1252,Well_Paid_Performer,SF,2015,4
1253,Developing_Low_Cost_Player,SF,2016,4
1254,Overpaid_Underperformer,SF,2016,2
1255,Underpaid_Performer,SF,2016,2
1256,Well_Paid_Performer,SF,2016,5
1257,Developing_Low_Cost_Player,SF,2017,3
1258,Overpaid_Underperformer,SF,2017,1
1259,Underpaid_Performer,SF,2017,4
1260,Well_Paid_Performer,SF,2017,5
1261,Developing_Low_Cost_Player,SF,2018,3
1262,Overpaid_Underperformer,SF,2018,5
1263,Underpaid_Performer,SF,2018,3
1264,Well_Paid_Performer,SF,2018,2
1265,Developing_Low_Cost_Player,SF,2019,2
1266,Overpaid_Underperformer,SF,2019,2
1267,Underpaid_Performer,SF,2019,7
1268,Well_Paid_Performer,SF,2019,2
1269,Developing_Low_Cost_Player,SF,2020,5
1270,Overpaid_Underperformer,SF,2020,4
1271,Underpaid_Performer,SF,2020,4
1272,Developing_Low_Cost_Player,SF,2021,8
1273,Overpaid_Underperformer,SF,2021,1
1274,Well_Paid_Performer,SF,2021,4
1275,Developing_Low_Cost_Player,SF,2022,6
1276,Overpaid_Underperformer,SF,2022,1
1277,Underpaid_Performer,SF,2022,5
1278,Well_Paid_Performer,SF,2022,1
1279,Developing_Low_Cost_Player,SF,2023,4
1280,Overpaid_Underperformer,SF,2023,5
1281,Underpaid_Performer,SF,2023,1
1282,Well_Paid_Performer,SF,2023,3
1283,Developing_Low_Cost_Player,SF,2024,7
1284,Overpaid_Underperformer,SF,2024,2
1285,Underpaid_Performer,SF,2024,2
1286,Well_Paid_Performer,SF,2024,2
1287,Developing_Low_Cost_Player,STL,2011,7
1288,Overpaid_Underperformer,STL,2011,2
1289,Well_Paid_Performer,STL,2011,4
1290,Developing_Low_Cost_Player,STL,2012,5
1291,Overpaid_Underperformer,STL,2012,2
1292,Underpaid_Performer,STL,2012,3
1293,Well_Paid_Performer,STL,2012,3
1294,Developing_Low_Cost_Player,STL,2013,7
1295,Overpaid_Underperformer,STL,2013,3
1296,Underpaid_Performer,STL,2013,1
1297,Well_Paid_Performer,STL,2013,2
1298,Developing_Low_Cost_Player,STL,2014,7
1299,Overpaid_Underperformer,STL,2014,3
1300,Underpaid_Performer,STL,2014,1
1301,Well_Paid_Performer,STL,2014,2
1302,Developing_Low_Cost_Player,STL,2015,6
1303,Overpaid_Underperformer,STL,2015,4
1304,Underpaid_Performer,STL,2015,1
1305,Well_Paid_Performer,STL,2015,2
1306,Developing_Low_Cost_Player,STL,2016,4
1307,Overpaid_Underperformer,STL,2016,4
1308,Underpaid_Performer,STL,2016,2
1309,Well_Paid_Performer,STL,2016,3
1310,Developing_Low_Cost_Player,STL,2017,5
1311,Overpaid_Underperformer,STL,2017,3
1312,Underpaid_Performer,STL,2017,1
1313,Well_Paid_Performer,STL,2017,4
1314,Developing_Low_Cost_Player,STL,2018,5
1315,Overpaid_Underperformer,STL,2018,3
1316,Underpaid_Performer,STL,2018,3
1317,Well_Paid_Performer,STL,2018,2
1318,Developing_Low_Cost_Player,STL,2019,7
1319,Overpaid_Underperformer,STL,2019,2
1320,Underpaid_Performer,STL,2019,1
1321,Well_Paid_Performer,STL,2019,3
1322,Developing_Low_Cost_Player,STL,2020,6
1323,Overpaid_Underperformer,STL,2020,2
1324,Underpaid_Performer,STL,2020,5
1325,Developing_Low_Cost_Player,STL,2021,7
1326,Overpaid_Underperformer,STL,2021,4
1327,Underpaid_Performer,STL,2021,2
1328,Well_Paid_Performer,STL,2021,1
1329,Developing_Low_Cost_Player,STL,2022,6
1330,Overpaid_Underperformer,STL,2022,4
1331,Underpaid_Performer,STL,2022,1
1332,Well_Paid_Performer,STL,2022,2
1333,Developing_Low_Cost_Player,STL,2023,1
1334,Overpaid_Underperformer,STL,2023,3
1335,Underpaid_Performer,STL,2023,7
1336,Well_Paid_Performer,STL,2023,2
1337,Developing_Low_Cost_Player,STL,2024,6
1338,Overpaid_Underperformer,STL,2024,4
1339,Underpaid_Performer,STL,2024,1
1340,Well_Paid_Performer,STL,2024,2
1341,Developing_Low_Cost_Player,TB,2011,5
1342,Overpaid_Underperformer,TB,2011,1
1343,Underpaid_Performer,TB,2011,4
1344,Well_Paid_Performer,TB,2011,3
1345,Developing_Low_Cost_Player,TB,2012,6
1346,Overpaid_Underperformer,TB,2012,4
1347,Well_Paid_Performer,TB,2012,3
1348,Developing_Low_Cost_Player,TB,2013,6
1349,Overpaid_Underperformer,TB,2013,2
1350,Underpaid_Performer,TB,2013,2
1351,Well_Paid_Performer,TB,2013,3
1352,Developing_Low_Cost_Player,TB,2014,9
1353,Overpaid_Underperformer,TB,2014,3
1354,Underpaid_Performer,TB,2014,1
1355,Developing_Low_Cost_Player,TB,2015,8
1356,Overpaid_Underperformer,TB,2015,3
1357,Underpaid_Performer,TB,2015,1
1358,Well_Paid_Performer,TB,2015,1
1359,Developing_Low_Cost_Player,TB,2016,5
1360,Overpaid_Underperformer,TB,2016,1
1361,Underpaid_Performer,TB,2016,5
1362,Well_Paid_Performer,TB,2016,2
1363,Developing_Low_Cost_Player,TB,2017,7
1364,Overpaid_Underperformer,TB,2017,1
1365,Underpaid_Performer,TB,2017,3
1366,Well_Paid_Performer,TB,2017,3
1367,Developing_Low_Cost_Player,TB,2018,8
1368,Overpaid_Underperformer,TB,2018,1
1369,Underpaid_Performer,TB,2018,4
1370,Developing_Low_Cost_Player,TB,2019,9
1371,Overpaid_Underperformer,TB,2019,1
1372,Underpaid_Performer,TB,2019,2
1373,Well_Paid_Performer,TB,2019,1
1374,Developing_Low_Cost_Player,TB,2020,9
1375,Overpaid_Underperformer,TB,2020,2
1376,Underpaid_Performer,TB,2020,2
1377,Developing_Low_Cost_Player,TB,2021,8
1378,Overpaid_Underperformer,TB,2021,2
1379,Underpaid_Performer,TB,2021,2
1380,Well_Paid_Performer,TB,2021,1
1381,Developing_Low_Cost_Player,TB,2022,9
1382,Overpaid_Underperformer,TB,2022,1
1383,Underpaid_Performer,TB,2022,2
1384,Well_Paid_Performer,TB,2022,1
1385,Developing_Low_Cost_Player,TB,2023,7
1386,Overpaid_Underperformer,TB,2023,2
1387,Underpaid_Performer,TB,2023,2
1388,Well_Paid_Performer,TB,2023,2
1389,Developing_Low_Cost_Player,TB,2024,9
1390,Overpaid_Underperformer,TB,2024,3
1391,Well_Paid_Performer,TB,2024,1
1392,Developing_Low_Cost_Player,TEX,2011,3
1393,Overpaid_Underperformer,TEX,2011,4
1394,Underpaid_Performer,TEX,2011,3
1395,Well_Paid_Performer,TEX,2011,3
1396,Developing_Low_Cost_Player,TEX,2012,4
1397,Overpaid_Underperformer,TEX,2012,6
1398,Well_Paid_Performer,TEX,2012,3
1399,Developing_Low_Cost_Player,TEX,2013,5
1400,Overpaid_Underperformer,TEX,2013,4
1401,Underpaid_Performer,TEX,2013,2
1402,Well_Paid_Performer,TEX,2013,2
1403,Developing_Low_Cost_Player,TEX,2014,3
1404,Overpaid_Underperformer,TEX,2014,4
1405,Underpaid_Performer,TEX,2014,4
1406,Well_Paid_Performer,TEX,2014,2
1407,Developing_Low_Cost_Player,TEX,2015,3
1408,Overpaid_Underperformer,TEX,2015,1
1409,Underpaid_Performer,TEX,2015,6
1410,Well_Paid_Performer,TEX,2015,3
1411,Developing_Low_Cost_Player,TEX,2016,4
1412,Overpaid_Underperformer,TEX,2016,2
1413,Underpaid_Performer,TEX,2016,3
1414,Well_Paid_Performer,TEX,2016,4
1415,Developing_Low_Cost_Player,TEX,2017,4
1416,Overpaid_Underperformer,TEX,2017,2
1417,Underpaid_Performer,TEX,2017,3
1418,Well_Paid_Performer,TEX,2017,4
1419,Developing_Low_Cost_Player,TEX,2018,1
1420,Overpaid_Underperformer,TEX,2018,2
1421,Underpaid_Performer,TEX,2018,7
1422,Well_Paid_Performer,TEX,2018,3
1423,Developing_Low_Cost_Player,TEX,2019,2
1424,Overpaid_Underperformer,TEX,2019,2
1425,Underpaid_Performer,TEX,2019,7
1426,Well_Paid_Performer,TEX,2019,2
1427,Developing_Low_Cost_Player,TEX,2020,4
1428,Overpaid_Underperformer,TEX,2020,1
1429,Underpaid_Performer,TEX,2020,7
1430,Well_Paid_Performer,TEX,2020,1
1431,Developing_Low_Cost_Player,TEX,2021,6
1432,Underpaid_Performer,TEX,2021,5
1433,Well_Paid_Performer,TEX,2021,2
1434,Developing_Low_Cost_Player,TEX,2022,4
1435,Overpaid_Underperformer,TEX,2022,2
1436,Underpaid_Performer,TEX,2022,5
1437,Well_Paid_Performer,TEX,2022,2
1438,Developing_Low_Cost_Player,TEX,2023,4
1439,Overpaid_Underperformer,TEX,2023,4
1440,Underpaid_Performer,TEX,2023,2
1441,Well_Paid_Performer,TEX,2023,3
1442,Developing_Low_Cost_Player,TEX,2024,3
1443,Overpaid_Underperformer,TEX,2024,6
1444,Underpaid_Performer,TEX,2024,2
1445,Well_Paid_Performer,TEX,2024,2
1446,Developing_Low_Cost_Player,TOR,2011,5
1447,Overpaid_Underperformer,TOR,2011,3
1448,Underpaid_Performer,TOR,2011,3
1449,Well_Paid_Performer,TOR,2011,2
1450,Developing_Low_Cost_Player,TOR,2012,1
1451,Overpaid_Underperformer,TOR,2012,4
1452,Underpaid_Performer,TOR,2012,5
1453,Well_Paid_Performer,TOR,2012,3
1454,Developing_Low_Cost_Player,TOR,2013,4
1455,Overpaid_Underperformer,TOR,2013,5
1456,Underpaid_Performer,TOR,2013,2
1457,Well_Paid_Performer,TOR,2013,2
1458,Developing_Low_Cost_Player,TOR,2014,7
1459,Overpaid_Underperformer,TOR,2014,3
1460,Well_Paid_Performer,TOR,2014,3
1461,Developing_Low_Cost_Player,TOR,2015,6
1462,Overpaid_Underperformer,TOR,2015,2
1463,Underpaid_Performer,TOR,2015,2
1464,Well_Paid_Performer,TOR,2015,3
1465,Developing_Low_Cost_Player,TOR,2016,6
1466,Overpaid_Underperformer,TOR,2016,3
1467,Underpaid_Performer,TOR,2016,1
1468,Well_Paid_Performer,TOR,2016,3
1469,Developing_Low_Cost_Player,TOR,2017,4
1470,Overpaid_Underperformer,TOR,2017,1
1471,Underpaid_Performer,TOR,2017,5
1472,Well_Paid_Performer,TOR,2017,3
1473,Developing_Low_Cost_Player,TOR,2018,2
1474,Overpaid_Underperformer,TOR,2018,3
1475,Underpaid_Performer,TOR,2018,7
1476,Well_Paid_Performer,TOR,2018,1
1477,Developing_Low_Cost_Player,TOR,2019,3
1478,Overpaid_Underperformer,TOR,2019,2
1479,Underpaid_Performer,TOR,2019,8
1480,Developing_Low_Cost_Player,TOR,2020,9
1481,Overpaid_Underperformer,TOR,2020,3
1482,Underpaid_Performer,TOR,2020,4
1483,Developing_Low_Cost_Player,TOR,2021,5
1484,Overpaid_Underperformer,TOR,2021,3
1485,Underpaid_Performer,TOR,2021,3
1486,Well_Paid_Performer,TOR,2021,2
1487,Developing_Low_Cost_Player,TOR,2022,4
1488,Overpaid_Underperformer,TOR,2022,4
1489,Underpaid_Performer,TOR,2022,2
1490,Well_Paid_Performer,TOR,2022,3
1491,Developing_Low_Cost_Player,TOR,2023,3
1492,Overpaid_Underperformer,TOR,2023,5
1493,Underpaid_Performer,TOR,2023,1
1494,Well_Paid_Performer,TOR,2023,4
1495,Developing_Low_Cost_Player,TOR,2024,3
1496,Overpaid_Underperformer,TOR,2024,3
1497,Underpaid_Performer,TOR,2024,4
1498,Well_Paid_Performer,TOR,2024,3
1499,Developing_Low_Cost_Player,WSH,2011,6
1500,Overpaid_Underperformer,WSH,2011,3
1501,Underpaid_Performer,WSH,2011,1
1502,Well_Paid_Performer,WSH,2011,3
1503,Developing_Low_Cost_Player,WSH,2012,4
1504,Overpaid_Underperformer,WSH,2012,5
1505,Well_Paid_Performer,WSH,2012,4
1506,Developing_Low_Cost_Player,WSH,2013,4
1507,Overpaid_Underperformer,WSH,2013,4
1508,Underpaid_Performer,WSH,2013,1
1509,Well_Paid_Performer,WSH,2013,4
1510,Developing_Low_Cost_Player,WSH,2014,2
1511,Overpaid_Underperformer,WSH,2014,6
1512,Underpaid_Performer,WSH,2014,1
1513,Well_Paid_Performer,WSH,2014,4
1514,Developing_Low_Cost_Player,WSH,2015,4
1515,Overpaid_Underperformer,WSH,2015,3
1516,Underpaid_Performer,WSH,2015,1
1517,Well_Paid_Performer,WSH,2015,5
1518,Developing_Low_Cost_Player,WSH,2016,4
1519,Overpaid_Underperformer,WSH,2016,4
1520,Underpaid_Performer,WSH,2016,2
1521,Well_Paid_Performer,WSH,2016,3
1522,Developing_Low_Cost_Player,WSH,2017,3
1523,Overpaid_Underperformer,WSH,2017,3
1524,Underpaid_Performer,WSH,2017,3
1525,Well_Paid_Performer,WSH,2017,4
1526,Developing_Low_Cost_Player,WSH,2018,3
1527,Overpaid_Underperformer,WSH,2018,2
1528,Underpaid_Performer,WSH,2018,4
1529,Well_Paid_Performer,WSH,2018,4
1530,Developing_Low_Cost_Player,WSH,2019,5
1531,Overpaid_Underperformer,WSH,2019,1
1532,Underpaid_Performer,WSH,2019,3
1533,Well_Paid_Performer,WSH,2019,4
1534,Developing_Low_Cost_Player,WSH,2020,3
1535,Overpaid_Underperformer,WSH,2020,5
1536,Underpaid_Performer,WSH,2020,5
1537,Developing_Low_Cost_Player,WSH,2021,2
1538,Underpaid_Performer,WSH,2021,10
1539,Well_Paid_Performer,WSH,2021,1
1540,Developing_Low_Cost_Player,WSH,2022,4
1541,Overpaid_Underperformer,WSH,2022,2
1542,Underpaid_Performer,WSH,2022,5
1543,Well_Paid_Performer,WSH,2022,2
1544,Developing_Low_Cost_Player,WSH,2023,2
1545,Overpaid_Underperformer,WSH,2023,1
1546,Underpaid_Performer,WSH,2023,7
1547,Well_Paid_Performer,WSH,2023,3
1548,Developing_Low_Cost_Player,WSH,2024,6
1549,Overpaid_Underperformer,WSH,2024,4
1550,Underpaid_Performer,WSH,2024,2
1551,Well_Paid_Performer,WSH,2024,1
